[
	{
		"cityName": "Fremantle",
		"countryId": "australia",
		"geo": {
			"center": [
				115.7473337055699,
				-32.04646875479279
			]
		},
		"id": "fremantle",
		"name": "🇦🇺 Fremantle, Australia",
		"url": "https://fremantle.equalstreetnames.org/"
	},
	{
		"cityName": "Vienna",
		"countryId": "austria",
		"geo": {
			"center": [
				16.31321203511761,
				48.20710242939984
			]
		},
		"id": "vienna",
		"name": "🇦🇹 Vienna, Austria",
		"url": "https://vienna.equalstreetnames.eu/"
	},
	{
		"cityName": "Minsk",
		"countryId": "belarus",
		"geo": {
			"center": [
				27.631727538066475,
				53.87992943066459
			]
		},
		"id": "minsk",
		"name": "🇧🇾 Minsk, Belarus",
		"url": "https://minsk.equalstreetnames.org/"
	},
	{
		"cityName": "Antwerpen",
		"countryId": "belgium",
		"geo": {
			"center": [
				4.426172240649028,
				51.218489466823186
			]
		},
		"id": "antwerpen",
		"name": "🇧🇪 Antwerpen, Belgium",
		"url": "https://antwerpen.equalstreetnames.be/"
	},
	{
		"cityName": "Braine-l'Alleud",
		"countryId": "belgium",
		"geo": {
			"center": [
				4.323273424264704,
				50.70424489097602
			]
		},
		"id": "braine-lalleud",
		"name": "🇧🇪 Braine-l'Alleud, Belgium",
		"url": "https://braine-lalleud.equalstreetnames.be/"
	},
	{
		"cityName": "Brugge",
		"countryId": "belgium",
		"geo": {
			"center": [
				3.2148935846449103,
				51.23924980249526
			]
		},
		"id": "brugge",
		"name": "🇧🇪 Brugge, Belgium",
		"url": "https://brugge.equalstreetnames.be/"
	},
	{
		"cityName": "Brussels",
		"countryId": "belgium",
		"geo": {
			"center": [
				4.3277833744262395,
				50.830499926259435
			]
		},
		"id": "brussels",
		"name": "🇧🇪 Brussels, Belgium",
		"url": "https://equalstreetnames.brussels/"
	},
	{
		"cityName": "Gent",
		"countryId": "belgium",
		"geo": {
			"center": [
				3.741923484671832,
				51.08746651993472
			]
		},
		"id": "gent",
		"name": "🇧🇪 Gent, Belgium",
		"url": "https://gent.equalstreetnames.be/"
	},
	{
		"cityName": "Halle",
		"countryId": "belgium",
		"geo": {
			"center": [
				4.280768305778241,
				50.719017202811074
			]
		},
		"id": "halle",
		"name": "🇧🇪 Halle, Belgium",
		"url": "https://halle.equalstreetnames.be/"
	},
	{
		"cityName": "Leuven",
		"countryId": "belgium",
		"geo": {
			"center": [
				4.700922571980674,
				50.884253294283404
			]
		},
		"id": "leuven",
		"name": "🇧🇪 Leuven, Belgium",
		"url": "https://leuven.equalstreetnames.be/"
	},
	{
		"cityName": "Liège",
		"countryId": "belgium",
		"geo": {
			"center": [
				5.589156321956086,
				50.62540247165673
			]
		},
		"id": "liege",
		"name": "🇧🇪 Liège, Belgium",
		"url": "https://liege.equalstreetnames.be/"
	},
	{
		"cityName": "Mons",
		"countryId": "belgium",
		"geo": {
			"center": [
				3.9790414047745415,
				50.448326557294436
			]
		},
		"id": "mons",
		"name": "🇧🇪 Mons, Belgium",
		"url": "https://mons.equalstreetnames.be/"
	},
	{
		"cityName": "Namur",
		"countryId": "belgium",
		"geo": {
			"center": [
				4.870148451457975,
				50.471689769125206
			]
		},
		"id": "namur",
		"name": "🇧🇪 Namur, Belgium",
		"url": "https://namur.equalstreetnames.be/"
	},
	{
		"cityName": "Nivelles",
		"countryId": "belgium",
		"geo": {
			"center": [
				4.290259681578958,
				50.590359195532386
			]
		},
		"id": "nivelles",
		"name": "🇧🇪 Nivelles, Belgium",
		"url": "https://nivelles.equalstreetnames.be/"
	},
	{
		"cityName": "Rixensart",
		"countryId": "belgium",
		"geo": {
			"center": [
				4.530906692689295,
				50.72660129921671
			]
		},
		"id": "rixensart",
		"name": "🇧🇪 Rixensart, Belgium",
		"url": "https://rixensart.equalstreetnames.be/"
	},
	{
		"cityName": "Roeselare",
		"countryId": "belgium",
		"geo": {
			"center": [
				3.1235192648945884,
				50.94420748964258
			]
		},
		"id": "roeselare",
		"name": "🇧🇪 Roeselare, Belgium",
		"url": "https://roeselare.equalstreetnames.be/"
	},
	{
		"cityName": "Copenhagen",
		"countryId": "denmark",
		"geo": {
			"center": [
				12.564967002066751,
				55.67805734690004
			]
		},
		"id": "copenhagen",
		"name": "🇩🇰 Copenhagen, Denmark",
		"url": "https://copenhagen.equalstreetnames.eu/"
	},
	{
		"cityName": "Narva",
		"countryId": "estonia",
		"geo": {
			"center": [
				28.14436442093936,
				59.3509805483552
			]
		},
		"id": "narva",
		"name": "🇪🇪 Narva, Estonia",
		"url": "https://narva.equalstreetnames.eu/"
	},
	{
		"cityName": "Tallinn",
		"countryId": "estonia",
		"geo": {
			"center": [
				24.697264019311245,
				59.47266024122687
			]
		},
		"id": "tallinn",
		"name": "🇪🇪 Tallinn, Estonia",
		"url": "https://tallinn.equalstreetnames.eu/"
	},
	{
		"cityName": "Tartu",
		"countryId": "estonia",
		"geo": {
			"center": [
				26.722160370384607,
				58.369468215000026
			]
		},
		"id": "tartu",
		"name": "🇪🇪 Tartu, Estonia",
		"url": "https://tartu.equalstreetnames.eu/"
	},
	{
		"cityName": "Paris",
		"countryId": "france",
		"geo": {
			"center": [
				2.3639265465656565,
				48.847970739999965
			]
		},
		"id": "paris",
		"name": "🇫🇷 Paris, France",
		"url": "https://paris.equalstreetnames.eu/"
	},
	{
		"cityName": "Saint-Brieuc",
		"countryId": "france",
		"geo": {
			"center": [
				-2.761995688269788,
				48.514755439296124
			]
		},
		"id": "saint-brieuc",
		"name": "🇫🇷 Saint-Brieuc, France",
		"url": "https://saint-brieuc.equalstreetnames.eu/"
	},
	{
		"cityName": "Berlin",
		"countryId": "germany",
		"geo": {
			"center": [
				13.430958226949446,
				52.515411286542104
			]
		},
		"id": "berlin",
		"name": "🇩🇪 Berlin, Germany",
		"url": "https://equalstreetnames-berlin.openstreetmap.de/"
	},
	{
		"cityName": "Brandenburg an der Havel",
		"countryId": "germany",
		"geo": {
			"center": [
				12.574237450457346,
				52.44586856345114
			]
		},
		"id": "brandenburg-an-der-havel",
		"name": "🇩🇪 Brandenburg an der Havel, Germany",
		"url": "https://brandenburg-an-der-havel.equalstreetnames.eu/"
	},
	{
		"cityName": "Dresden",
		"countryId": "germany",
		"geo": {
			"center": [
				13.764139412559638,
				51.07117730713876
			]
		},
		"id": "dresden",
		"name": "🇩🇪 Dresden, Germany",
		"url": "https://dresden.equalstreetnames.eu/"
	},
	{
		"cityName": "Freiburg im Breisgau",
		"countryId": "germany",
		"geo": {
			"center": [
				7.799398919405951,
				47.99008353539599
			]
		},
		"id": "freiburg-im-breisgau",
		"name": "🇩🇪 Freiburg im Breisgau, Germany",
		"url": "https://freiburg-im-breisgau.equalstreetnames.eu/"
	},
	{
		"cityName": "Freising",
		"countryId": "germany",
		"geo": {
			"center": [
				11.728051478419664,
				48.40028694216473
			]
		},
		"id": "freising",
		"name": "🇩🇪 Freising, Germany",
		"url": "https://freising.equalstreetnames.eu/"
	},
	{
		"cityName": "Halle (Saale)",
		"countryId": "germany",
		"geo": {
			"center": [
				11.967411669260944,
				51.47642127240025
			]
		},
		"id": "halle-saale",
		"name": "🇩🇪 Halle (Saale), Germany",
		"url": "https://halle-saale.equalstreetnames.eu/"
	},
	{
		"cityName": "Hannover",
		"countryId": "germany",
		"geo": {
			"center": [
				9.695519154844002,
				52.38817410087579
			]
		},
		"id": "hannover",
		"name": "🇩🇪 Hannover, Germany",
		"url": "https://hannover.equalstreetnames.eu/"
	},
	{
		"cityName": "Kaiserslautern",
		"countryId": "germany",
		"geo": {
			"center": [
				7.759488347966721,
				49.43461164131242
			]
		},
		"id": "kaiserslautern",
		"name": "🇩🇪 Kaiserslautern, Germany",
		"url": "https://kaiserslautern.equalstreetnames.eu/"
	},
	{
		"cityName": "Leipzig",
		"countryId": "germany",
		"geo": {
			"center": [
				12.365594347859115,
				51.3285542426795
			]
		},
		"id": "leipzig",
		"name": "🇩🇪 Leipzig, Germany",
		"url": "https://leipzig.equalstreetnames.eu/"
	},
	{
		"cityName": "Frankfurt am Main",
		"countryId": "germany",
		"geo": {
			"center": [
				8.63151433514421,
				50.120060439067736
			]
		},
		"id": "frankfurt-am-main",
		"name": "🇩🇪 Frankfurt am Main, Germany",
		"url": "https://frankfurt.equalstreetnames.eu/"
	},
	{
		"cityName": "Mainz",
		"countryId": "germany",
		"geo": {
			"center": [
				8.221819095991092,
				49.961356118930944
			]
		},
		"id": "mainz",
		"name": "🇩🇪 Mainz, Germany",
		"url": "https://mainz.equalstreetnames.eu/"
	},
	{
		"cityName": "Munich",
		"countryId": "germany",
		"geo": {
			"center": [
				11.551646038999628,
				48.14913601852491
			]
		},
		"id": "munich",
		"name": "🇩🇪 Munich, Germany",
		"url": "https://munich.equalstreetnames.eu/"
	},
	{
		"cityName": "Oldenburg",
		"countryId": "germany",
		"geo": {
			"center": [
				8.22569658993008,
				53.14421332825182
			]
		},
		"id": "oldenburg",
		"name": "🇩🇪 Oldenburg, Germany",
		"url": "https://oldenburg.equalstreetnames.eu/"
	},
	{
		"cityName": "Rastede",
		"countryId": "germany",
		"geo": {
			"center": [
				8.197196452542379,
				53.26761303367231
			]
		},
		"id": "rastede",
		"name": "🇩🇪 Rastede, Germany",
		"url": "https://rastede.equalstreetnames.eu/"
	},
	{
		"cityName": "Wiesbaden",
		"countryId": "germany",
		"geo": {
			"center": [
				8.293164444618839,
				50.07987197483181
			]
		},
		"id": "wiesbaden",
		"name": "🇩🇪 Wiesbaden, Germany",
		"url": "https://wiesbaden.equalstreetnames.eu/"
	},
	{
		"cityName": "Athens",
		"countryId": "greece",
		"geo": {
			"center": [
				23.736275007449,
				37.98615772642855
			]
		},
		"id": "athens",
		"name": "🇬🇷 Athens, Greece",
		"url": "https://athens.equalstreetnames.eu/"
	},
	{
		"cityName": "Budapest",
		"countryId": "hungary",
		"geo": {
			"center": [
				19.048310571825073,
				47.46289323591259
			]
		},
		"id": "budapest",
		"name": "🇭🇺 Budapest, Hungary",
		"url": "https://budapest.equalstreetnames.eu/"
	},
	{
		"cityName": "Bolzano",
		"countryId": "italy",
		"geo": {
			"center": [
				11.347658100396494,
				46.48679240293418
			]
		},
		"id": "bolzano",
		"name": "🇮🇹 Bolzano, Italy",
		"url": "https://bolzano.equalstreetnames.eu/"
	},
	{
		"cityName": "Luxembourg",
		"countryId": "luxembourg",
		"geo": {
			"center": [
				6.128381572282855,
				49.60987746093403
			]
		},
		"id": "luxembourg",
		"name": "🇱🇺 Luxembourg, Luxembourg",
		"url": "https://luxembourg.equalstreetnames.eu/"
	},
	{
		"cityName": "Tivat",
		"countryId": "montenegro",
		"geo": {
			"center": [
				18.687145385698052,
				42.41392746852066
			]
		},
		"id": "tivat",
		"name": "🇲🇪 Tivat, Montenegro",
		"url": "https://tivat.equalstreetnames.eu/"
	},
	{
		"cityName": "Assen",
		"countryId": "netherlands",
		"geo": {
			"center": [
				6.575796710123738,
				52.99045512688415
			]
		},
		"id": "assen",
		"name": "🇳🇱 Assen, The Netherlands",
		"url": "https://assen.equalstreetnames.eu/"
	},
	{
		"cityName": "Groningen",
		"countryId": "netherlands",
		"geo": {
			"center": [
				6.554735775352645,
				53.217351742538966
			]
		},
		"id": "groningen",
		"name": "🇳🇱 Groningen, The Netherlands",
		"url": "https://groningen.equalstreetnames.eu/"
	},
	{
		"cityName": "Leiden",
		"countryId": "netherlands",
		"geo": {
			"center": [
				4.487302054568743,
				52.157349276088766
			]
		},
		"id": "leiden",
		"name": "🇳🇱 Leiden, The Netherlands",
		"url": "https://leiden.equalstreetnames.eu/"
	},
	{
		"cityName": "San Pablo",
		"countryId": "philippines",
		"geo": {
			"center": [
				121.308298879929,
				14.037139556660744
			]
		},
		"id": "sanpablo",
		"name": "🇵🇭 San Pablo, Philippines",
		"url": "https://sanpablo.equalstreetnames.org/"
	},
	{
		"cityName": "Chorzów",
		"countryId": "poland",
		"geo": {
			"center": [
				18.958890972898217,
				50.29106087146021
			]
		},
		"id": "chorzow",
		"name": "🇵🇱 Chorzów, Poland",
		"url": "https://chorzow.equalstreetnames.eu/"
	},
	{
		"cityName": "Warsaw",
		"countryId": "poland",
		"geo": {
			"center": [
				20.99626276293747,
				52.22542615628225
			]
		},
		"id": "warsaw",
		"name": "🇵🇱 Warsaw, Poland",
		"url": "https://warsaw.equalstreetnames.eu/"
	},
	{
		"cityName": "Wrocław",
		"countryId": "poland",
		"geo": {
			"center": [
				17.002279819860654,
				51.13258513908779
			]
		},
		"id": "wroclaw",
		"name": "🇵🇱 Wrocław, Poland",
		"url": "https://wroclaw.equalstreetnames.eu/"
	},
	{
		"cityName": "Lisbon",
		"countryId": "portugal",
		"geo": {
			"center": [
				-9.147140621904775,
				38.737372324285715
			]
		},
		"id": "lisbon",
		"name": "🇵🇹 Lisbon, Portugal",
		"url": "https://lisbon.equalstreetnames.eu/"
	},
	{
		"cityName": "Bucharest",
		"countryId": "romania",
		"geo": {
			"center": [
				26.09951235340907,
				44.450523146136376
			]
		},
		"id": "bucharest",
		"name": "🇷🇴 Bucharest, Romania",
		"url": "https://bucharest.equalstreetnames.eu/"
	},
	{
		"cityName": "Belgrade",
		"countryId": "serbia",
		"geo": {
			"center": [
				20.466015357716348,
				44.7786426948987
			]
		},
		"id": "belgrade",
		"name": "🇷🇸 Belgrade, Serbia",
		"url": "https://naziviulica.openstreetmap.rs/"
	},
	{
		"cityName": "Bratislava",
		"countryId": "slovakia",
		"geo": {
			"center": [
				17.140405210361095,
				48.144898936538446
			]
		},
		"id": "bratislava",
		"name": "🇸🇰 Bratislava, Slovakia",
		"url": "https://bratislava.equalstreetnames.eu/"
	},
	{
		"cityName": "Cape Town",
		"countryId": "south-africa",
		"geo": {
			"center": [
				18.529321625354704,
				-34.057336941068584
			]
		},
		"id": "cape-town",
		"name": "🇿🇦 Cape Town, South Africa",
		"url": "https://cape-town.equalstreetnames.org/"
	},
	{
		"cityName": "Bilbao",
		"countryId": "spain",
		"geo": {
			"center": [
				-2.9433179755667527,
				43.26658643904284
			]
		},
		"id": "bilbao",
		"name": "🇪🇸 Bilbao, Spain",
		"url": "https://bilbao.equalstreetnames.eu/"
	},
	{
		"cityName": "Madrid",
		"countryId": "spain",
		"geo": {
			"center": [
				-3.6829272805260205,
				40.47015556049243
			]
		},
		"id": "madrid",
		"name": "🇪🇸 Madrid, Spain",
		"url": "https://madrid.equalstreetnames.eu/"
	},
	{
		"cityName": "Basel",
		"countryId": "switzerland",
		"geo": {
			"center": [
				7.592369661068706,
				47.558333905725206
			]
		},
		"id": "basel",
		"name": "🇨🇭 Basel, Switzerland",
		"url": "https://basel.equalstreetnames.eu/"
	},
	{
		"cityName": "Bern",
		"countryId": "switzerland",
		"geo": {
			"center": [
				7.406445975306749,
				46.94375627285278
			]
		},
		"id": "bern",
		"name": "🇨🇭 Bern, Switzerland",
		"url": "https://bern.equalstreetnames.eu/"
	},
	{
		"cityName": "Lausanne",
		"countryId": "switzerland",
		"geo": {
			"center": [
				6.6519006422196085,
				46.55691475002938
			]
		},
		"id": "lausanne",
		"name": "🇨🇭 Lausanne, Switzerland",
		"url": "https://lausanne.equalstreetnames.eu/"
	},
	{
		"cityName": "St. Gallen",
		"countryId": "switzerland",
		"geo": {
			"center": [
				9.372622878753546,
				47.422149531633615
			]
		},
		"id": "stgallen",
		"name": "🇨🇭 St. Gallen, Switzerland",
		"url": "https://stgallen.equalstreetnames.eu/"
	},
	{
		"cityName": "Zurich",
		"countryId": "switzerland",
		"geo": {
			"center": [
				8.543368775592961,
				47.37799428969653
			]
		},
		"id": "zurich",
		"name": "🇨🇭 Zurich, Switzerland",
		"url": "https://zurich.equalstreetnames.eu/"
	},
	{
		"cityName": "Chester-le-Street",
		"countryId": "united-kingdom",
		"geo": {
			"center": [
				-1.5873499550641943,
				54.852195972895885
			]
		},
		"id": "chester-le-street",
		"name": "🇬🇧 Chester-le-Street, United Kingdom",
		"url": "https://chester-le-street.equalstreetnames.org/"
	},
	{
		"cityName": "San Francisco",
		"countryId": "usa",
		"geo": {
			"center": [
				-122.55521173690336,
				37.813380187049674
			]
		},
		"id": "sanfrancisco",
		"name": "🇺🇸 San Francisco, USA",
		"url": "https://sanfrancisco.equalstreetnames.org/"
	}
]